property_id,type,activation_date,bathroom,floor,total_floor,furnishing,gym,latitude,longitude,lease_type,lift,location,parking,property_age,property_size,swimming_pool,pin_code,rent,deposit,building_type
ff8081814bd62607014be805dfed1f43,BHK2,25-03-2017 16:02,2,2,2.0,SEMI_FURNISHED,0,12.90311895,77.62507201,ANYONE,0,Bommanahalli,BOTH,1,800,0,560068.0,12000,60000,AP
ff8081814c58efc3014c64d26b5a22c0,BHK2,05-03-2017 16:19,2,0,3.0,NOT_FURNISHED,0,12.90696903,77.63484125,FAMILY,0,Bommanahalli,TWO_WHEELER,2,600,0,560102.0,1500,500000,IF
ff8081814cb771fb014cc5fc3ae52ae8,BHK2,09-03-2017 11:10,2,2,4.0,SEMI_FURNISHED,0,12.90199297,77.63401352,FAMILY,1,Bommanahalli,BOTH,7,1212,0,560068.0,16000,150000,AP
ff8081814d1e1f05014d1e6fc29402ee,BHK2,11-02-2017 17:42,2,0,1.0,SEMI_FURNISHED,1,12.90084144,77.61787716,FAMILY,0,Bommanahalli,BOTH,10,880,1,560076.0,16500,165000,IF
ff8081814d42cfff014d46f6bef50f23,BHK2,21-03-2017 10:36,2,4,5.0,SEMI_FURNISHED,0,12.9099259,77.6220975,ANYONE,1,Bommanahalli,BOTH,0,1200,0,560068.0,25000,150000,AP
ff8081814d668c41014d6c174fda1fc0,BHK3,09-02-2017 14:00,2,3,3.0,SEMI_FURNISHED,1,12.89676236,77.61430207,FAMILY,1,Bommanahalli,BOTH,3,1410,1,560076.0,18000,200000,AP
ff8081814d76c9df014d7a2d7b8a0c12,BHK2,07-02-2017 14:44,1,1,1.0,SEMI_FURNISHED,0,12.89018984,77.62001711,FAMILY,0,Bommanahalli,BOTH,8,450,0,560068.0,7000,70000,IF
ff8081814d90a80e014d913b6d58034d,BHK2,04-03-2017 17:24,2,2,2.0,NOT_FURNISHED,0,12.8982529,77.61771315,ANYONE,0,Bommanahalli,TWO_WHEELER,1,950,0,560068.0,7000,40000,IF
ff8081814dbce3da014dbd3ba9a7036c,BHK2,02-02-2017 12:08,2,2,2.0,SEMI_FURNISHED,0,12.90149678,77.63143066,ANYONE,0,Bommanahalli,NONE,3,550,0,560068.0,13500,50000,IF
ff8081814e5cc5af014e6391b40c435c,BHK1,25-02-2017 23:23,1,3,3.0,NOT_FURNISHED,0,12.9047497,77.62962521,FAMILY,0,Bommanahalli,TWO_WHEELER,0,600,0,560068.0,10000,100000,AP
ff8081814e7444cc014e76eda2da0c08,BHK1,09-02-2017 22:36,1,0,2.0,SEMI_FURNISHED,0,12.89506775,77.61530658,ANYONE,0,Bommanahalli,TWO_WHEELER,4,1050,0,560076.0,10500,100000,IF
ff8081814e92b691014e9bd1f3953a8f,BHK1,06-03-2017 10:51,1,1,2.0,SEMI_FURNISHED,0,12.90986838,77.62199155,ANYONE,0,Bommanahalli,TWO_WHEELER,0,300,0,560068.0,7000,75000,IF
ff8081814f4536a2014f49b27b7f1566,BHK2,28-02-2017 13:45,2,0,2.0,SEMI_FURNISHED,0,12.89828036,77.61780971,FAMILY,0,Bommanahalli,TWO_WHEELER,12,800,0,560068.0,12000,100000,IF
ff8081814f6d2e5f014f6d9f29b90335,BHK1,25-02-2017 11:43,1,3,3.0,SEMI_FURNISHED,0,12.88901243,77.61987408,FAMILY,0,Bommanahalli,TWO_WHEELER,4,500,0,560076.0,5500,40000,IF
ff8081814f93cd6a014f970d6f2c0bd0,BHK2,07-03-2017 13:14,2,3,3.0,SEMI_FURNISHED,0,12.91208601,77.62549287,FAMILY,1,Bommanahalli,TWO_WHEELER,6,900,0,560068.0,16000,70000,AP
ff8081814fa872fa014fac9253ac1677,BHK1,13-03-2017 08:49,1,2,2.0,SEMI_FURNISHED,0,12.90623466,77.6310729,FAMILY,0,Bommanahalli,TWO_WHEELER,1,500,0,560068.0,11000,50000,AP
ff8081815061ca1b0150631e782105c4,BHK1,09-03-2017 11:41,1,2,4.0,SEMI_FURNISHED,0,12.8983601,77.6179465,ANYONE,0,Bommanahalli,TWO_WHEELER,0,450,0,560068.0,8000,25000,AP
ff808181506fff0801507421a52b1c67,BHK1,17-02-2017 22:52,1,0,2.0,NOT_FURNISHED,0,12.90783729,77.62409176,ANYONE,0,Bommanahalli,TWO_WHEELER,15,400,0,560068.0,6000,60000,IF
ff808181509fb2600150a26e370206cc,BHK1,21-03-2017 10:39,1,3,4.0,SEMI_FURNISHED,0,12.91195355,77.62549622,ANYONE,0,Bommanahalli,NONE,4,400,0,560068.0,8500,50000,IF
ff80818150a87b000150a8b48ea102ec,BHK2,02-03-2017 20:09,2,2,3.0,SEMI_FURNISHED,0,12.8955584,77.62090003,FAMILY,0,Bommanahalli,TWO_WHEELER,2,950,0,560076.0,12000,100000,IF
ff80818150c8dbbb0150cc428f410ca0,BHK2,06-03-2017 11:15,2,1,2.0,SEMI_FURNISHED,0,12.90642044,77.62836064,FAMILY,0,Bommanahalli,TWO_WHEELER,2,800,0,560068.0,11000,100000,AP
ff808181513afb1d01513d96f0fa0be7,BHK2,25-03-2017 14:31,2,2,2.0,SEMI_FURNISHED,0,12.90421024,77.62704818,FAMILY,0,Bommanahalli,TWO_WHEELER,5,800,0,560068.0,9000,50000,IF
ff80818151494edc015151a2c3c83c16,BHK2,13-02-2017 20:39,2,0,2.0,FULLY_FURNISHED,0,12.899653,77.6242642,ANYONE,0,Bommanahalli,BOTH,15,1000,0,560068.0,16000,150000,AP
ff80818151669a4001518026312e4e61,BHK2,09-02-2017 14:05,2,2,4.0,SEMI_FURNISHED,0,12.90034378,77.63471901,FAMILY,1,Bommanahalli,BOTH,8,1400,0,560068.0,18000,100000,AP
ff80818151e815a60151e82a361701af,BHK1,03-02-2017 19:09,1,2,4.0,SEMI_FURNISHED,0,12.89964925,77.61963828,ANYONE,0,Bommanahalli,BOTH,0,600,0,560076.0,5500,30000,IF
ff80818152308f400152354816a8306d,BHK1,26-02-2017 12:22,1,0,2.0,SEMI_FURNISHED,0,12.90416267,77.62693491,ANYONE,0,Bommanahalli,TWO_WHEELER,4,400,0,560068.0,10000,60000,IF
ff80818152308f400152354c0bc530b2,BHK2,07-02-2017 15:59,2,1,2.0,SEMI_FURNISHED,0,12.90417835,77.62697247,ANYONE,0,Bommanahalli,TWO_WHEELER,4,800,0,560068.0,14000,100000,IF
ff808181523fe1ba0152407f44a609ce,BHK2,14-02-2017 09:57,1,1,2.0,SEMI_FURNISHED,0,12.90826098,77.62361971,ANYONE,0,Bommanahalli,TWO_WHEELER,2,600,0,560068.0,11000,50000,AP
ff8081815245369b015249a869ad28c7,BHK1,09-02-2017 11:55,1,1,3.0,SEMI_FURNISHED,0,12.90525812,77.62703387,FAMILY,0,Bommanahalli,BOTH,0,700,0,560068.0,12000,100000,AP
ff8081815245369b015249f0d77b2e61,BHK2,17-03-2017 18:19,2,1,3.0,SEMI_FURNISHED,0,12.89825029,77.61773461,ANYONE,0,Bommanahalli,TWO_WHEELER,8,900,0,560076.0,15000,150000,IF
ff808181525d97c601525e4a521f07bd,BHK2,26-03-2017 16:34,2,4,6.0,SEMI_FURNISHED,1,12.89940262,77.62085724,FAMILY,1,Bommanahalli,BOTH,7,1337,1,560068.0,22000,220000,AP
ff80818152ab67620152ae8d6eb81f44,RK1,28-03-2017 18:51,1,4,4.0,NOT_FURNISHED,0,12.90871933,77.62456051,ANYONE,0,Bommanahalli,TWO_WHEELER,1,120,0,560068.0,2600,10000,AP
ff80818152dddb9b0152df4df1b31889,BHK1,10-02-2017 21:15,1,0,0.0,SEMI_FURNISHED,0,12.91352745,77.62449536,ANYONE,0,Bommanahalli,TWO_WHEELER,3,350,0,560068.0,5500,30000,IH
ff80818153851542015389222dd72964,BHK2,21-03-2017 15:45,2,3,3.0,FULLY_FURNISHED,0,12.90027188,77.6298334,ANYONE,1,Bommanahalli,BOTH,4,1222,0,560068.0,18000,100000,IF
ff80818154072b3a0154095dc54c154b,BHK2,24-02-2017 15:16,2,3,9.0,SEMI_FURNISHED,1,12.88796826,77.61101636,FAMILY,1,Bommanahalli,BOTH,0,1335,1,560076.0,20000,200000,AP
ff80818154198f5701542034d7a7608b,BHK2,27-03-2017 16:58,2,1,4.0,SEMI_FURNISHED,0,12.89038332,77.61993932,ANYONE,0,Bommanahalli,TWO_WHEELER,2,650,0,560076.0,13500,50000,IF
ff808181541994b501542026d23f5f80,BHK1,27-03-2017 18:10,1,4,4.0,SEMI_FURNISHED,0,12.88996499,77.61975157,FAMILY,1,Bommanahalli,TWO_WHEELER,1,550,0,560076.0,8500,40000,IF
ff8081815511306d015514d314521f6e,BHK1,15-03-2017 18:56,1,0,1.0,NOT_FURNISHED,0,12.90989136,77.62886348,FAMILY,0,Bommanahalli,TWO_WHEELER,6,400,0,560068.0,6000,20000,IF
ff808181554e984501554ea5925f0179,BHK1,22-02-2017 10:25,1,2,3.0,SEMI_FURNISHED,0,12.90690135,77.63240929,ANYONE,0,Bommanahalli,TWO_WHEELER,0,550,0,560102.0,8500,50000,IF
ff80818155879b3f01558c8ee4c27f1c,BHK3,27-02-2017 17:20,3,2,2.0,SEMI_FURNISHED,0,12.90412788,77.62697442,FAMILY,0,Bommanahalli,TWO_WHEELER,0,1500,0,560068.0,12000,120000,IF
ff80818155c041d70155c06e69800368,BHK1,25-02-2017 19:34,1,3,3.0,SEMI_FURNISHED,0,12.90010502,77.62078738,ANYONE,0,Bommanahalli,TWO_WHEELER,0,500,0,560068.0,7000,40000,IF
ff808181565ed10b015663cfa1fe1971,BHK2,17-03-2017 16:43,1,0,3.0,SEMI_FURNISHED,0,12.90731773,77.62817145,FAMILY,0,Bommanahalli,TWO_WHEELER,10,1200,0,560068.0,12000,120000,IF
ff808181566e24e001566eed98740e63,RK1,28-03-2017 17:28,1,3,3.0,SEMI_FURNISHED,0,12.90180318,77.63272983,ANYONE,0,Bommanahalli,TWO_WHEELER,2,540,0,560068.0,4500,35000,IF
ff80818156bd22db0156c0ea4fd04d16,BHK3,07-02-2017 17:11,3,2,4.0,FULLY_FURNISHED,0,12.89763745,77.61670433,FAMILY,1,Bommanahalli,BOTH,3,1650,0,560076.0,22000,220000,AP
ff80818156ebd39a0156f026eef27cd7,BHK1,03-03-2017 22:21,1,2,2.0,SEMI_FURNISHED,0,12.89139575,77.61988211,ANYONE,0,Bommanahalli,TWO_WHEELER,7,450,0,560076.0,7000,50000,IF
ff8081815746820a01574706df091d92,BHK2,09-02-2017 16:04,2,2,3.0,SEMI_FURNISHED,0,12.90210159,77.62187937,FAMILY,0,Bommanahalli,NONE,0,800,0,560068.0,15000,150000,IF
ff808181574683d701574da0586a6066,BHK2,17-03-2017 16:35,2,1,4.0,SEMI_FURNISHED,0,12.9067984,77.626936,FAMILY,1,Bommanahalli,BOTH,10,1200,0,560068.0,17500,80000,AP
ff80818157d20c3e0157d23735890998,BHK2,06-03-2017 21:00,1,1,3.0,SEMI_FURNISHED,0,12.90377212,77.62850367,FAMILY,0,Bommanahalli,BOTH,1,900,0,560068.0,12900,75000,IF
ff808181580f74c301580fb2e67d0232,BHK2,06-02-2017 14:42,2,0,3.0,SEMI_FURNISHED,0,12.89854416,77.62693163,ANYONE,0,Bommanahalli,BOTH,3,750,0,560068.0,14500,60000,IF
ff80818158b3d61e0158bff9ddc378d5,BHK3,06-03-2017 10:15,3,0,7.0,SEMI_FURNISHED,1,12.9171363,77.6227898,ANYONE,1,Bommanahalli,BOTH,3,1400,0,560068.0,28000,150000,AP
ff80818158c959fa0158c96baacf04bf,BHK2,01-02-2017 12:15,2,2,4.0,SEMI_FURNISHED,1,12.89824869,77.6211628,FAMILY,1,Bommanahalli,BOTH,3,1100,1,560068.0,15000,150000,AP
ff80818158de4fb60158e22c402848cf,BHK2,26-03-2017 10:34,2,2,4.0,SEMI_FURNISHED,0,12.9752911,77.6750869,ANYONE,1,Bommanahalli,BOTH,0,1350,0,560076.0,15000,150000,AP
ff80818158f95eea0158fbf5708c0cb7,BHK2,12-02-2017 17:50,2,0,4.0,SEMI_FURNISHED,1,12.91249384,77.62531108,FAMILY,1,Bommanahalli,BOTH,4,1300,0,560068.0,17000,100000,AP
ff808181593c3fad01593f1630bc2f36,BHK1,12-03-2017 19:22,1,1,2.0,SEMI_FURNISHED,0,12.89752413,77.61438119,ANYONE,0,Bommanahalli,TWO_WHEELER,1,700,0,560068.0,10000,100000,IF
ff80818159410eeb0159443392a830d3,BHK2,16-02-2017 16:36,2,2,3.0,SEMI_FURNISHED,0,12.91082686,77.62586329,FAMILY,0,Bommanahalli,TWO_WHEELER,0,750,0,560068.0,13500,135000,IF
ff808181597331890159736742a81355,BHK2,12-03-2017 11:26,1,0,2.0,SEMI_FURNISHED,0,12.90217443,77.63272044,ANYONE,0,Bommanahalli,TWO_WHEELER,7,1200,0,560068.0,9500,50000,IF
ff80818159885815015989196d1c1a79,BHK2,13-03-2017 18:17,2,2,4.0,SEMI_FURNISHED,1,12.9032313,77.61918671,ANYONE,1,Bommanahalli,FOUR_WHEELER,1,1000,0,560078.0,15000,100000,AP
ff808181599711bd015998d900a91dcb,RK1,15-03-2017 12:38,1,2,2.0,NOT_FURNISHED,0,12.8983601,77.6179465,BACHELOR,0,Bommanahalli,NONE,8,100,0,560068.0,2200,8000,IF
ff808181599713b20159a097f58a382e,BHK2,04-02-2017 19:28,1,3,4.0,SEMI_FURNISHED,0,12.90040075,77.63016464,ANYONE,0,Bommanahalli,TWO_WHEELER,1,600,0,560068.0,12000,50000,IF
ff80818159ba97350159bbe872411b5e,BHK2,07-03-2017 11:22,2,4,5.0,FULLY_FURNISHED,1,12.89810293,77.62116615,ANYONE,1,Bommanahalli,BOTH,4,1000,1,560068.0,19000,70000,AP
ff80818159c946500159c9a6590d0ad1,BHK2,09-03-2017 17:41,2,2,4.0,FULLY_FURNISHED,0,12.91225135,77.62421368,ANYONE,1,Bommanahalli,BOTH,7,1200,0,560068.0,5500,30000,AP
ff80818159cb8f7d0159cd3122142952,BHK1,14-02-2017 10:56,1,2,4.0,FULLY_FURNISHED,1,12.91065759,77.62521393,ANYONE,0,Bommanahalli,BOTH,7,900,0,560068.0,15000,50000,AP
ff80818159e52c850159e560ec8410ad,BHK2,01-02-2017 23:19,2,3,4.0,SEMI_FURNISHED,0,12.9124446,77.6220751,ANYONE,1,Bommanahalli,BOTH,3,1300,0,560068.0,19500,80000,AP
ff80818159e9b4080159eabee2182697,BHK2,05-02-2017 11:46,2,1,5.0,SEMI_FURNISHED,1,12.8981245,77.62097236,FAMILY,1,Bommanahalli,BOTH,3,1180,1,560068.0,16500,125000,AP
ff80818159eeb8ed0159ef1d3d8e09b0,BHK3,29-03-2017 08:08,3,3,4.0,SEMI_FURNISHED,1,12.89671468,77.61448041,ANYONE,1,Bommanahalli,BOTH,3,1500,1,560076.0,20000,150000,AP
ff8081815a08262d015a0a60ff4045b5,BHK3,06-02-2017 12:11,2,21,26.0,SEMI_FURNISHED,1,12.90137668,77.62881514,ANYONE,1,Bommanahalli,FOUR_WHEELER,0,1500,1,560068.0,10500,64000,AP
ff8081815a08262d015a0ca130791ea5,BHK1,05-02-2017 13:06,1,0,1.0,SEMI_FURNISHED,0,12.89918498,77.61717,FAMILY,0,Bommanahalli,TWO_WHEELER,2,500,0,560068.0,10000,70000,IF
ff8081815a0d0db9015a0d18129018db,BHK2,05-02-2017 15:38,2,1,4.0,SEMI_FURNISHED,1,12.89811666,77.62106088,ANYONE,1,Bommanahalli,BOTH,3,1200,1,560068.0,16800,125000,AP
ff8081815a0d0db9015a0d934fce615c,BHK2,05-02-2017 15:02,2,1,4.0,SEMI_FURNISHED,0,12.89786667,77.61718614,FAMILY,0,Bommanahalli,BOTH,3,1200,0,560076.0,16000,100000,AP
ff8081815a0dece5015a0eac379614fc,BHK3,27-02-2017 12:50,2,3,4.0,SEMI_FURNISHED,0,12.8972626,77.613471,FAMILY,0,Bommanahalli,BOTH,7,1615,0,560076.0,22000,130000,AP
ff8081815a1252ec015a12a2858e574e,BHK3,06-02-2017 14:32,2,3,7.0,SEMI_FURNISHED,1,12.9014619,77.6224992,FAMILY,1,Bommanahalli,BOTH,8,1650,1,560068.0,22000,180000,AP
ff8081815a1817c2015a1c7eaba30dff,BHK1,08-02-2017 14:17,1,2,2.0,NOT_FURNISHED,0,12.9041756,77.6270046,ANYONE,0,Bommanahalli,BOTH,0,500,0,560068.0,3523,350000,IF
ff8081815a1817c2015a1c7feb8d0f78,BHK2,08-02-2017 14:59,2,6,7.0,FULLY_FURNISHED,1,12.89953944,77.62125297,ANYONE,1,Bommanahalli,BOTH,5,1430,1,560068.0,23000,200000,AP
ff8081815a1817c2015a1cc6cf2d6369,BHK2,08-02-2017 15:40,2,7,20.0,SEMI_FURNISHED,0,12.90141329,77.62885806,FAMILY,1,Bommanahalli,BOTH,0,1076,0,560068.0,32000,250000,AP
ff8081815a1ed4ab015a20ce403e20d1,BHK2,09-02-2017 20:37,1,0,2.0,SEMI_FURNISHED,0,12.8902208,77.6092188,ANYONE,0,Bommanahalli,BOTH,10,1500,0,560076.0,9500,50000,AP
ff8081815a21c1b1015a26b480b53c67,BHK2,10-02-2017 13:58,2,1,4.0,SEMI_FURNISHED,1,12.89780196,77.61708858,FAMILY,1,Bommanahalli,BOTH,3,1200,0,560076.0,16500,150000,AP
ff8081815a21c1b1015a26bccffe41b4,BHK3,11-02-2017 23:17,2,1,5.0,SEMI_FURNISHED,0,12.8998096,77.6243021,ANYONE,1,Bommanahalli,TWO_WHEELER,12,1030,0,560068.0,18000,100000,AP
ff8081815a21c1b1015a26d680ac51fc,BHK1,10-02-2017 13:40,1,2,4.0,SEMI_FURNISHED,0,12.89898031,77.64131862,ANYONE,0,Bommanahalli,TWO_WHEELER,8,400,0,560068.0,7000,30000,IF
ff8081815a271e9c015a274b18b529ef,BHK1,12-02-2017 16:54,1,2,4.0,SEMI_FURNISHED,0,12.8983601,77.6179465,FAMILY,0,Bommanahalli,FOUR_WHEELER,0,800,0,560068.0,8500,50000,AP
ff8081815a271e9c015a27fce4884fc4,BHK1,03-03-2017 17:59,1,1,4.0,SEMI_FURNISHED,0,12.9022982,77.63389731,FAMILY,0,Bommanahalli,BOTH,0,500,0,560068.0,11000,100000,IF
ff8081815a271e9c015a27fce4964fc5,BHK2,03-03-2017 17:59,2,1,3.0,SEMI_FURNISHED,0,12.90622715,77.63134012,ANYONE,0,Bommanahalli,BOTH,0,800,0,560068.0,15000,140000,IF
ff8081815a271e9c015a2813d7ab661c,BHK3,10-02-2017 23:30,2,1,3.0,SEMI_FURNISHED,0,12.890778,77.6199828,ANYONE,1,Bommanahalli,BOTH,0,1200,0,560076.0,22000,220000,AP
ff8081815a2725da015a274530d8106c,BHK3,10-02-2017 16:13,2,1,5.0,SEMI_FURNISHED,1,12.89658794,77.6322621,FAMILY,1,Bommanahalli,BOTH,1,1435,0,560068.0,21500,150000,AP
ff8081815a28477e015a2c8895235b65,BHK2,11-02-2017 16:31,2,2,5.0,NOT_FURNISHED,0,12.91237653,77.62474256,FAMILY,1,Bommanahalli,BOTH,0,1000,0,560068.0,25000,250000,AP
ff8081815a28477e015a2c8e4df86598,BHK3,11-02-2017 16:30,3,0,5.0,NOT_FURNISHED,0,12.91243666,77.6247372,FAMILY,0,Bommanahalli,BOTH,0,1350,0,560068.0,31000,310000,AP
ff8081815a28477e015a2c91c2556c05,BHK2,11-02-2017 19:02,2,1,2.0,SEMI_FURNISHED,0,12.89980171,77.62067057,FAMILY,0,Bommanahalli,TWO_WHEELER,2,600,0,560068.0,12000,100000,IF
ff8081815a2d4585015a2e614b6e7f72,BHK2,12-02-2017 11:33,2,1,2.0,SEMI_FURNISHED,0,12.90732796,77.62758457,FAMILY,0,Bommanahalli,TWO_WHEELER,10,1100,0,560068.0,13000,100000,IF
ff8081815a30d446015a31cc7d5c6667,BHK3,12-02-2017 15:56,3,3,4.0,SEMI_FURNISHED,1,12.89861611,77.61460638,FAMILY,1,Bommanahalli,BOTH,7,1370,1,560076.0,22500,200000,AP
ff8081815a30d446015a364b4e986592,BHK3,13-02-2017 15:59,2,2,4.0,SEMI_FURNISHED,0,12.89344361,77.61803032,FAMILY,1,Bommanahalli,BOTH,0,1200,0,560076.0,20000,200000,AP
ff8081815a36829d015a37527ff363ce,BHK3,13-02-2017 21:01,2,1,2.0,SEMI_FURNISHED,0,12.90805042,77.62762394,FAMILY,0,Bommanahalli,TWO_WHEELER,15,1200,0,560068.0,14000,50000,IF
ff8081815a36829d015a3757363966f2,BHK1,13-02-2017 18:10,1,0,2.0,NOT_FURNISHED,0,12.90930794,77.62349637,ANYONE,0,Bommanahalli,TWO_WHEELER,2,450,0,560068.0,9000,40000,IF
ff8081815a36829d015a376b94467935,BHK1,13-02-2017 18:29,1,1,2.0,NOT_FURNISHED,0,12.90533388,77.62517291,ANYONE,0,Bommanahalli,TWO_WHEELER,3,600,0,560068.0,7000,40000,IF
ff8081815a3adf23015a3b2219542ff0,BHK2,14-02-2017 16:41,2,1,1.0,SEMI_FURNISHED,0,12.8983601,77.6179465,FAMILY,0,Bommanahalli,BOTH,5,950,0,560076.0,12500,60000,IF
ff8081815a3bbedd015a3cd2cd73155f,BHK2,16-02-2017 15:42,2,2,4.0,SEMI_FURNISHED,0,12.91171901,77.62338822,FAMILY,0,Bommanahalli,BOTH,5,1150,0,560068.0,20000,100000,AP
ff8081815a3e05fd015a4062eee54467,BHK1,15-02-2017 13:43,2,1,4.0,SEMI_FURNISHED,0,12.90972484,77.62449678,FAMILY,0,Bommanahalli,BOTH,6,850,0,560068.0,14000,140000,AP
ff8081815a409853015a40b6571a22cd,BHK1,15-02-2017 15:33,1,2,3.0,SEMI_FURNISHED,0,12.89829735,77.61822009,FAMILY,0,Bommanahalli,TWO_WHEELER,4,500,0,560068.0,8000,80000,IF
ff8081815a409853015a41d6535f4a2c,BHK2,15-02-2017 18:50,1,0,3.0,FULLY_FURNISHED,0,12.89725664,77.62083656,ANYONE,0,Bommanahalli,BOTH,0,900,0,560068.0,18000,1,AP
ff8081815a473e4e015a4a3a5a3d6840,BHK2,17-02-2017 12:27,2,2,2.0,SEMI_FURNISHED,0,12.90369978,77.62597867,FAMILY,0,Bommanahalli,BOTH,3,800,0,560068.0,17000,170000,IF
ff8081815a473e4e015a4b3fc0516eae,BHK2,17-02-2017 17:40,2,2,4.0,SEMI_FURNISHED,0,12.90822422,77.62423928,FAMILY,0,Bommanahalli,TWO_WHEELER,0,700,0,560068.0,14000,100000,IF
ff8081815a473e4e015a4b41fdd97100,BHK1,17-02-2017 17:40,1,4,4.0,SEMI_FURNISHED,0,12.90826605,77.62425538,FAMILY,0,Bommanahalli,TWO_WHEELER,0,375,0,560068.0,8500,50000,IF
ff8081815a473fa9015a4abb79d93c7b,BHK3,09-03-2017 15:44,2,4,23.0,SEMI_FURNISHED,1,12.90149172,77.629078,FAMILY,1,Bommanahalli,BOTH,1,1600,1,560068.0,36000,150000,AP
ff8081815a474222015a47c73935133e,BHK1,16-02-2017 22:15,1,2,3.0,SEMI_FURNISHED,0,12.8983601,77.6179465,FAMILY,0,Bommanahalli,TWO_WHEELER,0,450,0,560068.0,7500,50000,IF
ff8081815a4c18d8015a4f643d956bfe,BHK2,18-02-2017 10:47,2,1,4.0,SEMI_FURNISHED,1,12.9096172,77.62352869,FAMILY,1,Bommanahalli,BOTH,0,1200,1,560068.0,15000,150000,AP
ff8081815a4c18d8015a4f849ce30e2d,BHK1,18-02-2017 10:40,1,1,2.0,SEMI_FURNISHED,0,12.91068315,77.62314552,ANYONE,0,Bommanahalli,TWO_WHEELER,3,720,0,560068.0,9100,50000,IF
ff8081815a518e73015a51928a7105b6,BHK2,20-02-2017 17:32,2,4,6.0,SEMI_FURNISHED,1,12.90009895,77.6218806,FAMILY,1,Bommanahalli,BOTH,10,1618,1,560068.0,19000,150000,AP
ff8081815a52a425015a548bdc911231,BHK2,09-03-2017 15:33,2,1,1.0,SEMI_FURNISHED,0,12.893804,77.6130072,FAMILY,0,Bommanahalli,TWO_WHEELER,6,1200,0,560076.0,16000,160000,IF
ff8081815a52a425015a55516f016e24,BHK2,19-02-2017 13:58,2,2,4.0,SEMI_FURNISHED,1,12.90593462,77.62215663,FAMILY,1,Bommanahalli,BOTH,4,1170,1,560068.0,17500,100000,AP
ff8081815a52a7e2015a54de247174c9,BHK2,19-02-2017 15:32,1,0,2.0,NOT_FURNISHED,0,12.90406761,77.62161512,FAMILY,0,Bommanahalli,FOUR_WHEELER,0,600,0,560068.0,10500,75000,IF
ff8081815a56a792015a56a80b770001,BHK2,19-02-2017 20:31,1,0,4.0,NOT_FURNISHED,0,12.89971723,77.62183232,FAMILY,0,Bommanahalli,BOTH,4,900,0,560068.0,13000,130000,IF
ff8081815a56a8e2015a56da332c38fb,BHK2,19-02-2017 20:35,2,7,25.0,SEMI_FURNISHED,1,12.8983601,77.6179465,FAMILY,1,Bommanahalli,BOTH,1,1350,1,560068.0,33000,150000,AP
ff8081815a59d9c1015a5a0c4b7f453e,BHK1,20-02-2017 15:11,1,1,2.0,SEMI_FURNISHED,0,12.88962846,77.61407373,FAMILY,0,Bommanahalli,TWO_WHEELER,2,400,0,560076.0,8000,80000,IF
ff8081815a59d9c1015a5a796155442f,BHK1,20-02-2017 15:11,1,4,4.0,SEMI_FURNISHED,0,12.89828689,77.61779361,FAMILY,0,Bommanahalli,TWO_WHEELER,0,450,0,560068.0,7000,50000,IF
ff8081815a5a7cf5015a5a816bfb048e,BHK2,20-02-2017 14:31,2,1,1.0,SEMI_FURNISHED,0,12.90419847,77.62702672,ANYONE,0,Bommanahalli,BOTH,4,1000,0,560068.0,12000,29998,IF
ff8081815a5a7cf5015a5a891cc60bac,BHK1,20-02-2017 14:23,1,0,2.0,SEMI_FURNISHED,0,12.90418017,77.62707232,FAMILY,0,Bommanahalli,BOTH,0,450,0,560068.0,8000,80000,IF
ff8081815a5a8a7e015a5a8cac500219,BHK2,20-02-2017 14:23,2,2,2.0,SEMI_FURNISHED,0,12.9042037,77.62709378,FAMILY,0,Bommanahalli,TWO_WHEELER,0,750,0,560068.0,12000,120000,IF
ff8081815a5a8a7e015a5abc33ae34be,BHK2,20-02-2017 15:04,2,0,2.0,SEMI_FURNISHED,0,12.90418279,77.62700661,ANYONE,0,Bommanahalli,TWO_WHEELER,6,1000,0,560068.0,11500,70000,IF
ff8081815a5fa1e6015a60967df95e85,BHK1,21-02-2017 23:09,1,1,2.0,NOT_FURNISHED,0,12.9069069,77.63218769,ANYONE,0,Bommanahalli,TWO_WHEELER,4,350,0,560068.0,6800,50000,IF
ff8081815a63f2b5015a649baaec0605,BHK1,28-02-2017 16:21,1,3,3.0,SEMI_FURNISHED,0,12.88298768,77.62394603,ANYONE,0,Bommanahalli,TWO_WHEELER,1,500,0,560076.0,7000,40000,IF
ff8081815a64ed4e015a656d4de269b7,BHK3,22-02-2017 17:54,2,21,25.0,SEMI_FURNISHED,1,12.9013976,77.6289117,FAMILY,1,Bommanahalli,BOTH,0,1590,1,560068.0,34000,300000,AP
ff8081815a657e49015a65ee357b56f4,BHK2,22-02-2017 19:50,1,0,2.0,SEMI_FURNISHED,0,12.9019339,77.63263461,FAMILY,0,Bommanahalli,BOTH,3,1200,0,560068.0,13000,75000,AP
ff8081815a657e49015a65f628365c94,BHK1,22-02-2017 19:35,1,0,2.0,NOT_FURNISHED,0,12.9047561,77.61960687,FAMILY,0,Bommanahalli,TWO_WHEELER,3,500,0,560068.0,8000,80000,IF
ff8081815a66aded015a6972de162a88,BHK1,23-02-2017 14:50,1,1,2.0,NOT_FURNISHED,0,12.90919629,77.62384765,FAMILY,0,Bommanahalli,TWO_WHEELER,8,350,0,560068.0,6000,50000,IF
ff8081815a66aded015a697ad0a42ef9,BHK1,23-02-2017 14:49,1,4,4.0,SEMI_FURNISHED,0,12.90020175,77.62118703,ANYONE,0,Bommanahalli,TWO_WHEELER,0,500,0,560068.0,6500,80000,IF
ff8081815a66aded015a697e3ab130a8,BHK2,23-02-2017 14:49,2,4,4.0,SEMI_FURNISHED,0,12.89917618,77.61626478,FAMILY,1,Bommanahalli,BOTH,3,950,0,560076.0,15000,100000,AP
ff8081815a66aded015a698a85b238e2,RK1,23-02-2017 12:16,1,0,2.0,NOT_FURNISHED,0,12.90214624,77.6218847,BACHELOR,0,Bommanahalli,TWO_WHEELER,3,150,0,560068.0,3000,15000,IF
ff8081815a66aded015a698e502c3a6c,BHK1,23-02-2017 12:15,1,1,2.0,NOT_FURNISHED,0,12.90217108,77.62179217,FAMILY,0,Bommanahalli,TWO_WHEELER,3,450,0,560068.0,7000,70000,IF
ff8081815a66b974015a68983caf611d,BHK1,25-02-2017 14:35,1,1,3.0,SEMI_FURNISHED,0,12.89305064,77.63392411,FAMILY,0,Bommanahalli,TWO_WHEELER,5,600,0,560068.0,7500,40000,IF
ff8081815a66b974015a68a98e646270,BHK1,23-02-2017 11:21,1,1,2.0,SEMI_FURNISHED,0,0.0,0.0,FAMILY,0,Bommanahalli,NONE,5,600,0,560068.0,7500,40000,IF
ff8081815a69bafb015a69c37dec0722,BHK2,23-02-2017 14:26,1,1,1.0,NOT_FURNISHED,0,12.90839253,77.62444517,ANYONE,0,Bommanahalli,NONE,5,400,0,560068.0,9500,40000,IF
ff8081815a69bafb015a69c553b708c1,RK1,23-02-2017 14:25,1,1,1.0,NOT_FURNISHED,0,12.90839253,77.62442103,FAMILY,0,Bommanahalli,NONE,5,200,0,560068.0,5000,20000,IF
ff8081815a69bafb015a69cb3b080d69,BHK1,23-02-2017 14:18,1,1,2.0,NOT_FURNISHED,0,12.90842259,77.62444517,FAMILY,0,Bommanahalli,TWO_WHEELER,3,450,0,560068.0,5500,50000,IF
ff8081815a69bafb015a69df10f61b2a,BHK1,23-02-2017 14:10,1,1,1.0,SEMI_FURNISHED,0,12.90421024,77.62708707,FAMILY,0,Bommanahalli,TWO_WHEELER,6,500,0,560068.0,7000,50000,IF
ff8081815a6b889d015a6e78732e48ed,BHK2,24-02-2017 12:10,2,1,1.0,SEMI_FURNISHED,0,12.90312088,77.63181922,FAMILY,0,Bommanahalli,TWO_WHEELER,0,650,0,560068.0,10000,100000,IF
ff8081815a6b889d015a6e79e87f499b,BHK1,24-02-2017 12:09,1,0,1.0,SEMI_FURNISHED,0,12.90313133,77.63185141,FAMILY,0,Bommanahalli,TWO_WHEELER,0,400,0,560068.0,6500,65000,IF
ff8081815a6f4811015a6fd814c03a30,BHK2,24-02-2017 18:48,1,2,2.0,NOT_FURNISHED,0,12.90550098,77.62781571,FAMILY,0,Bommanahalli,TWO_WHEELER,6,600,0,560068.0,12000,100000,IF
ff8081815a6f4e5b015a6fdfa41738f4,RK1,24-02-2017 20:27,1,0,1.0,NOT_FURNISHED,0,12.90581994,77.62729938,ANYONE,0,Bommanahalli,TWO_WHEELER,20,150,0,560068.0,5000,30000,IF
ff8081815a6f4e5b015a6fe367c83a75,BHK1,24-02-2017 20:27,1,1,1.0,NOT_FURNISHED,0,12.90602387,77.62715052,ANYONE,0,Bommanahalli,TWO_WHEELER,20,400,0,560068.0,7000,40000,IF
ff8081815a701e88015a7397e13f1d28,BHK1,25-02-2017 15:51,1,0,1.0,NOT_FURNISHED,0,12.90395031,77.62146155,ANYONE,0,Bommanahalli,TWO_WHEELER,6,450,0,560068.0,5000,30000,IF
ff8081815a701e88015a7e6638572fc3,BHK2,28-02-2017 18:49,2,1,2.0,SEMI_FURNISHED,0,12.90690726,77.62771815,FAMILY,0,Bommanahalli,TWO_WHEELER,2,600,0,560068.0,8000,80000,IF
ff8081815a702135015a78ca08bf423f,BHK3,13-03-2017 12:46,2,0,3.0,SEMI_FURNISHED,1,12.89999303,77.63703092,ANYONE,1,Bommanahalli,FOUR_WHEELER,3,1400,0,560068.0,22000,200000,AP
ff8081815a702410015a739e17ac2018,BHK2,25-02-2017 15:49,2,0,3.0,SEMI_FURNISHED,0,12.8982529,77.61762463,FAMILY,0,Bommanahalli,TWO_WHEELER,6,800,0,560068.0,14500,145000,IF
ff8081815a702410015a73a5231823ae,BHK1,25-02-2017 15:48,1,0,1.0,NOT_FURNISHED,0,12.90538355,77.62520778,FAMILY,0,Bommanahalli,TWO_WHEELER,6,450,0,560068.0,5500,40000,IF
ff8081815a702410015a74b737142ca5,BHK1,25-02-2017 15:54,1,3,3.0,SEMI_FURNISHED,0,12.90419324,77.6269771,FAMILY,0,Bommanahalli,TWO_WHEELER,3,400,0,560068.0,8000,50000,IF
ff8081815a702410015a74ba5d3e2eed,BHK2,25-02-2017 17:36,1,1,2.0,NOT_FURNISHED,0,12.9041854,77.62691005,FAMILY,0,Bommanahalli,TWO_WHEELER,0,600,0,560068.0,11000,50000,IF
ff8081815a849126015a84aeac4012c8,BHK1,28-02-2017 18:20,1,2,2.0,SEMI_FURNISHED,0,12.88779569,77.61115584,FAMILY,0,Bommanahalli,TWO_WHEELER,1,400,0,560076.0,7000,50000,IF
ff8081815a855ea4015a8575abc60760,BHK1,01-03-2017 12:18,1,1,2.0,SEMI_FURNISHED,0,12.8983601,77.6179465,ANYONE,0,Bommanahalli,TWO_WHEELER,2,500,0,560068.0,7500,60000,IF
ff8081815a85603a015a856a2b6e0433,RK1,02-03-2017 18:17,1,2,4.0,SEMI_FURNISHED,0,12.91115535,77.62286133,FAMILY,0,Bommanahalli,BOTH,4,200,0,560068.0,6000,10000,AP
ff8081815a87b712015a8d6ec7c82d78,BHK1,02-03-2017 13:57,1,1,1.0,SEMI_FURNISHED,0,12.8949717,77.6168197,ANYONE,0,Bommanahalli,BOTH,1,750,0,560076.0,6500,40000,IF
ff8081815a8e1e6a015a8e42427711f9,BHK2,02-03-2017 20:25,1,1,3.0,SEMI_FURNISHED,0,12.90018299,77.62570816,FAMILY,0,Bommanahalli,TWO_WHEELER,5,600,0,560068.0,9000,40000,IF
ff8081815a8f6549015a8f6bf0bb02bb,BHK2,03-03-2017 09:59,2,0,0.0,NOT_FURNISHED,0,12.89835487,77.61783251,FAMILY,0,Bommanahalli,BOTH,5,800,0,560068.0,12500,60000,IH
ff8081815a902504015a9276ecad3b2d,BHK3,05-03-2017 16:46,2,4,23.0,SEMI_FURNISHED,1,12.90134906,77.63181287,FAMILY,1,Bommanahalli,BOTH,0,1590,1,560068.0,36000,150000,AP
ff8081815a92d438015a933df22f31be,BHK3,03-03-2017 16:54,2,1,2.0,SEMI_FURNISHED,0,12.90163552,77.62926039,ANYONE,0,Bommanahalli,TWO_WHEELER,6,1500,0,560068.0,14000,500000,IF
ff8081815a9514a4015a98293cb324a7,BHK2,04-03-2017 12:50,2,1,4.0,FULLY_FURNISHED,1,12.9013976,77.62885806,FAMILY,1,Bommanahalli,BOTH,0,1350,1,560068.0,39000,100000,AP
ff8081815a9514a4015a9833403b2ac9,BHK3,04-03-2017 14:06,2,15,21.0,SEMI_FURNISHED,1,12.90178455,77.62981829,FAMILY,1,Bommanahalli,BOTH,0,1590,1,560068.0,40000,400000,AP
ff8081815a9514a4015a986e4f535165,BHK3,04-03-2017 15:43,3,2,8.0,SEMI_FURNISHED,1,12.89954467,77.62130125,FAMILY,1,Bommanahalli,BOTH,5,1700,1,560068.0,23000,230000,AP
ff8081815a9514a4015a9947506a6ae3,BHK3,04-03-2017 18:49,2,1,4.0,SEMI_FURNISHED,0,12.89659376,77.6196823,FAMILY,0,Bommanahalli,BOTH,0,1250,0,560076.0,18000,198000,IF
ff8081815a9aac37015a9ccbcdf63b09,BHK2,28-03-2017 23:28,2,3,5.0,SEMI_FURNISHED,1,12.91164875,77.62335968,ANYONE,1,Bommanahalli,BOTH,8,1160,0,560068.0,17000,150000,AP
ff8081815a9aac37015a9d0e3c9d6a21,BHK1,05-03-2017 16:24,1,1,2.0,SEMI_FURNISHED,0,12.90580948,77.62726853,ANYONE,0,Bommanahalli,TWO_WHEELER,10,650,0,560068.0,8000,50000,IF
ff8081815a9aac37015a9d74edb72df2,BHK1,05-03-2017 14:36,1,1,2.0,SEMI_FURNISHED,0,12.8900748,77.61998224,FAMILY,0,Bommanahalli,TWO_WHEELER,5,500,0,560076.0,9000,90000,IF
ff8081815a9dca24015aa1d64d550c4b,BHK2,06-03-2017 10:39,2,1,4.0,SEMI_FURNISHED,1,12.90973857,77.62460675,FAMILY,1,Bommanahalli,BOTH,6,1100,1,560068.0,27500,275000,AP
ff8081815a9e1a52015aa224bcba18ee,BHK1,06-03-2017 12:01,1,3,4.0,SEMI_FURNISHED,0,12.90671808,77.62854675,FAMILY,0,Bommanahalli,TWO_WHEELER,1,600,0,560068.0,8000,50000,IF
ff8081815aa30442015aa306ca6700ac,BHK2,06-03-2017 15:49,3,1,4.0,SEMI_FURNISHED,0,12.89174843,77.61528778,FAMILY,1,Bommanahalli,BOTH,3,831,0,560076.0,13000,75000,AP
ff8081815aa4011f015aa703079a72da,BHK2,21-03-2017 11:59,2,2,5.0,SEMI_FURNISHED,1,12.91040399,77.62523405,ANYONE,1,Bommanahalli,BOTH,5,1040,0,560068.0,16000,100000,AP
ff8081815aa4011f015aa752ae251364,BHK2,07-03-2017 20:40,2,2,3.0,SEMI_FURNISHED,0,12.89054753,77.61779372,FAMILY,0,Bommanahalli,TWO_WHEELER,6,700,0,560076.0,12000,75000,IF
ff8081815aacc6b9015aad460b9034f3,BHK3,12-03-2017 14:14,3,4,4.0,FULLY_FURNISHED,0,12.90141543,77.6236764,ANYONE,0,Bommanahalli,BOTH,3,1875,0,560068.0,50000,500000,AP
ff8081815ab0aa10015ab175ce112270,BHK2,09-03-2017 17:06,2,1,4.0,SEMI_FURNISHED,0,12.9067984,77.626936,FAMILY,1,Bommanahalli,BOTH,7,1200,0,560068.0,18000,180000,AP
ff8081815ab0aa10015ab1fd3b5869fd,BHK3,09-03-2017 13:26,3,2,4.0,SEMI_FURNISHED,1,12.89624246,77.61461967,FAMILY,1,Bommanahalli,BOTH,4,1450,1,560076.0,22000,220000,AP
ff8081815ab0aa10015ab20ba83c6f78,BHK2,09-03-2017 18:01,1,2,3.0,SEMI_FURNISHED,0,12.91129655,77.62517387,FAMILY,0,Bommanahalli,BOTH,0,600,0,560068.0,15000,100000,IF
ff8081815ab0aa10015ab25388a70c56,BHK3,09-03-2017 15:48,3,3,4.0,SEMI_FURNISHED,0,12.89552629,77.61999363,FAMILY,0,Bommanahalli,BOTH,3,1480,0,560068.0,18500,185000,AP
ff8081815ab0aa10015ab31dbbbf716d,BHK1,09-03-2017 20:35,1,2,3.0,SEMI_FURNISHED,0,12.8949354,77.6201492,FAMILY,1,Bommanahalli,BOTH,15,660,1,560068.0,8500,40000,AP
ff8081815ab805ff015abc547d157c22,BHK3,11-03-2017 13:59,3,3,21.0,SEMI_FURNISHED,0,12.90167849,77.63099748,FAMILY,1,Bommanahalli,BOTH,0,1620,1,560068.0,38000,380000,AP
ff8081815ab805ff015ac18b6e520d25,BHK2,12-03-2017 14:00,2,3,3.0,SEMI_FURNISHED,0,12.8965811,77.6176783,ANYONE,0,Bommanahalli,BOTH,3,1000,0,560068.0,11000,25000,AP
ff8081815ab805ff015ac2b9982a23a3,BHK2,12-03-2017 19:22,2,2,3.0,SEMI_FURNISHED,0,12.8976244,77.61435263,ANYONE,0,Bommanahalli,TWO_WHEELER,1,1100,0,560068.0,17000,170000,IF
ff8081815ab805ff015ac635ccf42d5f,BHK2,13-03-2017 13:55,2,9,11.0,SEMI_FURNISHED,0,12.90557738,77.62859547,FAMILY,0,Bommanahalli,BOTH,0,1260,0,560068.0,20000,200000,AP
ff8081815ab80870015ab8db61f32be1,BHK2,15-03-2017 16:23,2,3,4.0,SEMI_FURNISHED,1,12.9116811,77.623407,FAMILY,1,Bommanahalli,BOTH,5,1200,0,560068.0,17000,150000,AP
ff8081815ab8801e015ac6c122e95549,BHK1,14-03-2017 17:53,1,0,3.0,FULLY_FURNISHED,0,12.89982033,77.62966039,FAMILY,0,Bommanahalli,BOTH,2,600,0,560068.0,6500,35000,IF
ff8081815ac72d8e015acb777afc1362,BHK1,15-03-2017 14:48,1,2,4.0,SEMI_FURNISHED,0,12.90639912,77.62854675,FAMILY,0,Bommanahalli,TWO_WHEELER,5,600,0,560068.0,11000,50000,IF
ff8081815ac72f10015ac7d2484220e0,BHK2,13-03-2017 20:59,1,0,3.0,SEMI_FURNISHED,0,12.90013555,77.62004597,ANYONE,0,Bommanahalli,TWO_WHEELER,5,950,0,560068.0,13000,120000,IF
ff8081815acbdf0c015acc4254993088,BHK2,17-03-2017 10:45,2,8,21.0,SEMI_FURNISHED,1,12.90143943,77.62891706,FAMILY,1,Bommanahalli,BOTH,3,1550,1,560068.0,32000,200000,AP
ff8081815accce76015ad068e6012076,BHK2,15-03-2017 16:50,2,0,1.0,SEMI_FURNISHED,0,12.91062685,77.62472209,FAMILY,0,Bommanahalli,BOTH,10,1300,0,560068.0,15000,150000,IF
ff8081815ad0dbb3015ad5d1a2e34b4c,BHK1,16-03-2017 15:47,1,2,2.0,SEMI_FURNISHED,0,12.9001393,77.630111,ANYONE,0,Bommanahalli,TWO_WHEELER,0,600,0,560068.0,15000,90000,AP
ff8081815ad5e9a4015ad5fc4c7a082c,BHK3,16-03-2017 16:14,2,3,3.0,SEMI_FURNISHED,0,12.901192,77.6347742,ANYONE,1,Bommanahalli,BOTH,8,1390,0,560068.0,18500,100000,AP
ff8081815ad5e9a4015ad62b2b7d1d95,RK1,16-03-2017 16:05,1,1,1.0,NOT_FURNISHED,0,12.90675851,77.62985455,ANYONE,0,Bommanahalli,TWO_WHEELER,10,200,0,560102.0,4000,20000,IF
ff8081815ad5e9a4015ad69f63ce5125,BHK1,17-03-2017 12:54,1,2,4.0,NOT_FURNISHED,0,12.90414095,77.62702605,ANYONE,0,Bommanahalli,TWO_WHEELER,1,400,0,560068.0,7500,40000,IF
ff8081815ad86bd8015adbc9b7f34520,BHK2,17-03-2017 19:56,2,0,4.0,SEMI_FURNISHED,0,12.9082188,77.6243692,FAMILY,1,Bommanahalli,BOTH,3,1050,0,560068.0,16000,100000,AP
ff8081815ae03cc6015ae0c5f83a48c2,BHK1,23-03-2017 12:57,1,1,2.0,SEMI_FURNISHED,0,12.90229993,77.63095555,FAMILY,0,Bommanahalli,TWO_WHEELER,4,650,0,560068.0,7500,50000,IF
ff8081815ae03cc6015ae1ab9fc141f2,BHK1,18-03-2017 19:29,1,2,2.0,SEMI_FURNISHED,0,12.88031956,77.62496456,ANYONE,0,Bommanahalli,BOTH,5,650,0,560068.0,7000,40000,IF
ff8081815ae03cc6015ae1cd7b544fe2,BHK2,21-03-2017 11:53,2,3,3.0,SEMI_FURNISHED,0,12.90341493,77.62052929,FAMILY,0,Bommanahalli,BOTH,8,800,0,560068.0,12000,50000,AP
ff8081815ae03cc6015ae6151ba065f6,BHK1,19-03-2017 19:52,1,0,1.0,SEMI_FURNISHED,0,12.89671335,77.63578625,ANYONE,0,Bommanahalli,BOTH,15,800,0,560068.0,9000,100000,IF
ff8081815ae03cc6015ae6b5a03e3896,BHK1,19-03-2017 19:00,1,1,4.0,SEMI_FURNISHED,0,12.8983601,77.6179465,FAMILY,1,Bommanahalli,BOTH,0,750,0,560068.0,7000,70000,AP
ff8081815ae03cc6015ae6c990db4131,BHK2,19-03-2017 19:26,2,2,4.0,SEMI_FURNISHED,0,12.88900645,77.62462187,FAMILY,1,Bommanahalli,BOTH,0,1250,0,560068.0,12000,120000,AP
ff8081815ae03cc6015ae6cccef642b3,BHK3,19-03-2017 19:26,2,3,4.0,SEMI_FURNISHED,0,12.8983601,77.6179465,ANYONE,0,Bommanahalli,NONE,0,1650,0,560068.0,15000,150000,AP
ff8081815ae03cc6015aea774dca5d17,BHK1,20-03-2017 14:00,1,2,3.0,SEMI_FURNISHED,0,12.89996408,77.63050204,ANYONE,0,Bommanahalli,TWO_WHEELER,8,400,0,560068.0,7500,75000,IF
ff8081815ae03cc6015aeb61b0224b99,BHK3,21-03-2017 16:55,3,5,21.0,SEMI_FURNISHED,1,12.9013976,77.6289117,ANYONE,1,Bommanahalli,BOTH,2,1836,1,560068.0,49000,250000,AP
ff8081815ae03cc6015aec8f18f6400a,BHK2,21-03-2017 12:48,1,2,4.0,SEMI_FURNISHED,0,12.90778759,77.62472754,ANYONE,0,Bommanahalli,NONE,8,800,0,560068.0,75000,750000,IF
ff8081815ae03e01015ae510d5364fc6,BHK1,19-03-2017 12:40,1,3,4.0,NOT_FURNISHED,0,12.9041471,77.6199608,ANYONE,0,Bommanahalli,TWO_WHEELER,20,350,0,560068.0,5500,50000,IF
ff8081815ae03e01015ae52978295732,BHK2,19-03-2017 12:40,2,1,4.0,SEMI_FURNISHED,0,12.8983601,77.6179465,ANYONE,0,Bommanahalli,TWO_WHEELER,20,1000,0,560068.0,15000,100000,IF
ff8081815ae03f60015ae06c5a5111a7,BHK3,20-03-2017 11:09,3,15,20.0,NOT_FURNISHED,1,13.06175633,77.74204334,FAMILY,1,Bommanahalli,BOTH,0,1636,1,560049.0,25000,150000,AP
ff8081815ae03f60015ae9ada86d3f4a,BHK2,20-03-2017 10:46,2,0,4.0,SEMI_FURNISHED,1,12.8957764,77.6202294,ANYONE,1,Bommanahalli,BOTH,5,1380,0,560068.0,17000,100000,AP
ff8081815ae03f60015aec090056540c,BHK2,20-03-2017 19:57,2,2,2.0,NOT_FURNISHED,0,12.90625394,77.63133109,ANYONE,0,Bommanahalli,TWO_WHEELER,0,800,0,560069.0,14000,100000,IH
ff8081815aed2cf6015aeeb90ca80b5d,BHK1,23-03-2017 00:03,1,1,3.0,NOT_FURNISHED,0,12.89517594,77.62117917,ANYONE,0,Bommanahalli,BOTH,0,600,0,560068.0,9000,60000,IF
ff8081815aef01cb015aef220f4806a7,BHK2,21-03-2017 18:54,2,3,4.0,FULLY_FURNISHED,0,12.90679056,77.62689577,ANYONE,1,Bommanahalli,BOTH,6,1000,0,560068.0,20500,100000,AP
ff8081815aef0324015aef870e291823,BHK4,21-03-2017 12:28,4,2,2.0,SEMI_FURNISHED,0,12.89355342,77.61795522,FAMILY,0,Bommanahalli,BOTH,8,2321,0,560076.0,18000,90000,IH
ff8081815aefc4bb015af01c9b3e1b16,BHK2,21-03-2017 17:11,2,4,4.0,SEMI_FURNISHED,1,12.9050512,77.61931987,FAMILY,1,Bommanahalli,BOTH,2,1251,1,560068.0,17500,110000,AP
ff8081815af07460015af080bd6d0533,BHK1,21-03-2017 17:33,1,2,3.0,SEMI_FURNISHED,0,12.90631963,77.6307222,ANYONE,0,Bommanahalli,TWO_WHEELER,0,550,0,560068.0,7500,30000,IF
ff8081815af0f7fd015af53a3f22707f,BHK2,22-03-2017 15:03,2,2,2.0,SEMI_FURNISHED,0,12.91173607,77.62370402,ANYONE,0,Bommanahalli,BOTH,1,930,0,560068.0,17500,175000,AP
ff8081815af0f951015af4174aea4a0d,BHK2,22-03-2017 14:13,2,2,4.0,SEMI_FURNISHED,0,12.8983601,77.6179465,ANYONE,0,Bommanahalli,BOTH,0,1300,0,560068.0,10000,60000,IF
ff8081815af66532015af66d7f4d0549,BHK3,22-03-2017 20:45,2,1,4.0,FULLY_FURNISHED,0,12.89756929,77.61252347,FAMILY,0,Bommanahalli,BOTH,0,1200,0,560076.0,16000,150000,IF
ff8081815afb0411015afb4bb33917d8,BHK1,24-03-2017 16:00,1,1,2.0,NOT_FURNISHED,0,12.90895628,77.62723001,FAMILY,0,Bommanahalli,TWO_WHEELER,0,300,0,560068.0,5500,55000,IF
ff8081815afb78db015afc21261229c9,BHK1,23-03-2017 22:45,1,0,5.0,SEMI_FURNISHED,0,12.8983601,77.6179465,FAMILY,0,Bommanahalli,TWO_WHEELER,2,400,0,560068.0,8500,50000,IF
ff8081815b00ad1b015b03d012a670e6,BHK1,25-03-2017 12:35,1,3,4.0,SEMI_FURNISHED,0,12.90975131,77.62444783,ANYONE,0,Bommanahalli,TWO_WHEELER,2,400,0,560068.0,10000,40000,AP
ff8081815b00ad1b015b045a296541ba,BHK1,25-03-2017 14:22,1,1,2.0,NOT_FURNISHED,0,12.90468956,77.62964931,FAMILY,0,Bommanahalli,TWO_WHEELER,4,450,0,560068.0,4500,30000,IF
ff8081815b05c342015b08e64d726f66,BHK1,30-03-2017 17:04,1,2,2.0,NOT_FURNISHED,0,12.90364541,77.62059119,FAMILY,0,Bommanahalli,TWO_WHEELER,1,300,0,560068.0,6000,50000,IF
ff8081815b0aa050015b0e923de63b1b,BHK2,27-03-2017 15:44,2,3,4.0,SEMI_FURNISHED,1,12.90976381,77.62204386,FAMILY,1,Bommanahalli,BOTH,2,1136,1,,24000,100000,AP
ff8081815b0ee1ea015b0eeb76ac0422,BHK2,27-03-2017 15:38,2,2,4.0,SEMI_FURNISHED,1,12.89731026,77.63135529,ANYONE,1,Bommanahalli,BOTH,3,850,0,560068.0,18000,150000,AP
ff8081815b0f1e48015b0f267f7603a2,BHK3,27-03-2017 15:42,2,1,4.0,SEMI_FURNISHED,1,12.89667358,77.61197025,ANYONE,1,Bommanahalli,TWO_WHEELER,6,1400,1,,20000,200000,AP
ff8081815b0f1e48015b0f8042402f21,BHK2,29-03-2017 10:21,2,3,4.0,FULLY_FURNISHED,0,12.89887142,77.61463928,ANYONE,0,Bommanahalli,BOTH,6,1125,0,,20000,200000,AP
ff8081815b0fb939015b0ff107a71ef7,BHK3,28-03-2017 21:05,2,4,4.0,SEMI_FURNISHED,0,12.90537571,77.62478131,FAMILY,0,Bommanahalli,BOTH,1,1600,0,560068.0,25000,250000,AP
ff8081815b0fb939015b10076e5626c6,BHK2,27-03-2017 21:49,2,1,4.0,SEMI_FURNISHED,0,12.89848804,77.62142181,FAMILY,1,Bommanahalli,BOTH,2,1147,0,,16000,80000,AP
ff8081815b106c7d015b199b0f90005c,BHK2,30-03-2017 16:46,1,2,3.0,NOT_FURNISHED,0,12.90594712,77.62323978,FAMILY,0,Bommanahalli,TWO_WHEELER,6,600,0,560068.0,10500,70000,IF
ff8081815b15c304015b188e2e0c6aad,BHK2,29-03-2017 14:40,2,1,1.0,NOT_FURNISHED,0,12.90233787,77.63099796,FAMILY,0,Bommanahalli,TWO_WHEELER,2,500,0,560068.0,12000,120000,IF
ff8081815b15c304015b1ddcb9b05c64,BHK3,30-03-2017 11:55,1,2,2.0,NOT_FURNISHED,0,12.90101137,77.6338014,ANYONE,0,Bommanahalli,NONE,8,1500,0,560068.0,12000,75000,IF
ff8081815b1e90e8015b1eaddd370d4f,BHK2,30-03-2017 17:02,2,5,13.0,SEMI_FURNISHED,1,13.06350618,77.7486612,ANYONE,1,Bommanahalli,BOTH,1,1084,1,560049.0,20000,200000,AP
ff8081815b1ebf9e015b1f0afd0f1e47,BHK2,30-03-2017 17:35,2,3,6.0,SEMI_FURNISHED,1,12.89898125,77.62162537,FAMILY,1,Bommanahalli,FOUR_WHEELER,7,1337,1,560068.0,21000,210000,AP
